caravana_senacsa,numero_campo,categoria,sexo,raza,fecha_nacimiento,tipo_origen,potrero,lote
TS00001,1,novillo,macho,Nelore,15/04/2024,comprado,,[Sprint 3]
TS00002,,novillo,macho,Aberdeen Angus,31/05/2025,comprado,,[Sprint 3]
TS00003,2,novillo,macho,Nelore,12/10/2023,comprado,,[Sprint 3]
TS00004,,novillo,macho,Nelore,02/02/2025,comprado,,[Sprint 3]
TS00005,,novillo,macho,Nelore,10/09/2024,comprado,,[Sprint 3]
TS00006,3,novillo,macho,Brahman,15/07/2023,comprado,,[Sprint 3]
TS00007,4,novillo,macho,Nelore,15/12/2023,comprado,,[Sprint 3]
,5,novillo,macho,Limousin,11/10/2023,comprado,,[Sprint 3]
TS00008,,novillo,macho,Shorthorn,18/03/2025,comprado,,[Sprint 3]
TS00009,,novillo,macho,Aberdeen Angus,08/01/2025,comprado,,[Sprint 3]
,6,novillo,macho,Shorthorn,24/01/2025,comprado,,[Sprint 3]
TS00010,,novillo,macho,Nelore,13/07/2024,comprado,,[Sprint 3]
TS00011,7,novillo,macho,Shorthorn,27/02/2024,comprado,,[Sprint 3]
TS00012,,novillo,macho,Limousin,20/10/2023,comprado,,[Sprint 3]
TS00013,,novillo,macho,Brahman,16/07/2024,comprado,,[Sprint 3]
TS00014,8,novillo,macho,Aberdeen Angus,07/04/2024,comprado,,[Sprint 3]
TS00015,9,novillo,macho,Brahman,15/03/2024,comprado,,[Sprint 3]
TS00016,10,novillo,macho,Nelore,24/04/2025,comprado,,[Sprint 3]
TS00017,,novillo,macho,Nelore,04/09/2023,comprado,,[Sprint 3]
ER00025,,cria,macho,Hereford,01/01/2023,comprado,,
TS00018,,novillo,macho,Shorthorn,22/08/2024,comprado,,[Sprint 3]
TS00019,,novillo,macho,Brangus,08/02/2025,comprado,,[Sprint 3]
TS00020,11,novillo,macho,,27/04/2025,comprado,,[Sprint 3]
TS00021,12,novillo,macho,Shorthorn,02/02/2025,comprado,,[Sprint 3]
TS00022,13,novillo,macho,Limousin,25/02/2025,comprado,,[Sprint 3]
TS00023,,novillo,macho,,27/11/2023,comprado,,[Sprint 3]
TS00024,14,novillo,macho,Brahman,29/10/2023,comprado,,[Sprint 3]
TS00025,,novillo,macho,Aberdeen Angus,13/09/2024,comprado,,[Sprint 3]
TS00026,15,novillo,macho,Shorthorn,30/10/2024,comprado,,[Sprint 3]
TS00027,,novillo,macho,Aberdeen Angus,20/07/2023,comprado,,[Sprint 3]
TS00028,16,novillo,macho,Brangus,07/04/2024,comprado,,[Sprint 3]
ER00033,,novillo,macho,Hereford,01/01/2023,importado,,
TS00029,17,novillo,macho,Hereford,15/10/2024,comprado,,[Sprint 3]
TS00030,,novillo,macho,Brahman,03/04/2024,comprado,,[Sprint 3]
TS00031,18,novillo,macho,Shorthorn,09/04/2025,comprado,,[Sprint 3]
,19,novillo,macho,Brahman,28/01/2024,comprado,,[Sprint 3]
TS00032,20,novillo,macho,Hereford,02/01/2025,comprado,,[Sprint 3]
ER00021,,toro_viejo,macho,Hereford,01/01/2023,comprado,,
TS00033,21,novillo,macho,Brangus,31/10/2023,comprado,,[Sprint 3]
TS00034,,novillo,macho,Nelore,18/05/2024,comprado,,[Sprint 3]
TS00035,,novillo,macho,Aberdeen Angus,27/09/2023,comprado,,[Sprint 3]
TS00036,,novillo,macho,Brahman,04/01/2025,comprado,,[Sprint 3]
TS00037,22,novillo,macho,Brahman,21/01/2025,comprado,,[Sprint 3]
TS00038,,novillo,macho,Nelore,14/09/2024,comprado,,[Sprint 3]
TS00039,,novillo,macho,Nelore,14/06/2025,comprado,,[Sprint 3]
TS00040,23,novillo,macho,Brangus,26/05/2025,comprado,,[Sprint 3]
TS00041,24,novillo,macho,Nelore,09/11/2023,comprado,,[Sprint 3]
TS00042,25,novillo,macho,Nelore,02/03/2025,comprado,,[Sprint 3]
TS00043,26,novillo,macho,Hereford,02/07/2025,comprado,,[Sprint 3]
TS00044,,novillo,macho,Aberdeen Angus,11/06/2024,comprado,,[Sprint 3]
TS00045,27,novillo,macho,Nelore,17/11/2024,comprado,,[Sprint 3]
TS00046,,novillo,macho,,12/02/2025,comprado,,[Sprint 3]
TS00047,28,novillo,macho,Nelore,28/08/2024,comprado,,[Sprint 3]
TS00048,,novillo,macho,Limousin,05/07/2024,comprado,,[Sprint 3]
TS00049,,novillo,macho,Aberdeen Angus,02/09/2023,comprado,,[Sprint 3]
TS00050,,novillo,macho,Nelore,28/10/2023,comprado,,[Sprint 3]
TS00051,29,novillo,macho,Limousin,29/11/2023,comprado,,[Sprint 3]
TS00052,30,novillo,macho,,24/09/2023,comprado,,[Sprint 3]
TS00053,,novillo,macho,Hereford,17/10/2023,comprado,,[Sprint 3]
TS00054,31,novillo,macho,Aberdeen Angus,24/07/2023,comprado,,[Sprint 3]
TS00055,,novillo,macho,Limousin,26/12/2023,comprado,,[Sprint 3]
TS00056,32,novillo,macho,Hereford,22/08/2024,comprado,,[Sprint 3]
TS00057,33,novillo,macho,Shorthorn,11/08/2024,comprado,,[Sprint 3]
TS00058,,novillo,macho,Limousin,26/04/2024,comprado,,[Sprint 3]
TS00059,,novillo,macho,,28/01/2025,comprado,,[Sprint 3]
TS00060,34,novillo,macho,Hereford,06/09/2023,comprado,,[Sprint 3]
TS00061,35,novillo,macho,,26/02/2025,comprado,,[Sprint 3]
TS00062,,novillo,macho,Hereford,17/12/2023,comprado,,[Sprint 3]
,36,novillo,macho,Aberdeen Angus,15/01/2024,comprado,,[Sprint 3]
TS00063,,novillo,macho,Limousin,05/03/2024,comprado,,[Sprint 3]
TS00064,,novillo,macho,Hereford,17/03/2024,comprado,,[Sprint 3]
TS00065,37,novillo,macho,Brangus,25/02/2025,comprado,,[Sprint 3]
,38,novillo,macho,Nelore,25/05/2024,comprado,,[Sprint 3]
TS00066,39,novillo,macho,Shorthorn,29/04/2025,comprado,,[Sprint 3]
TS00067,,novillo,macho,Hereford,21/09/2023,comprado,,[Sprint 3]
TS00068,,novillo,macho,Aberdeen Angus,19/10/2023,comprado,,[Sprint 3]
TS00069,40,novillo,macho,Brangus,21/11/2023,comprado,,[Sprint 3]
ER00039,,novillo,macho,Hereford,01/01/2023,propio,,
ER00024,,reproductora,macho,Hereford,01/01/2023,comprado,,
TS00070,,novillo,macho,Shorthorn,21/07/2024,comprado,,[Sprint 3]
TS00071,,novillo,macho,Shorthorn,28/06/2025,comprado,,[Sprint 3]
TS00072,,novillo,macho,Hereford,08/05/2025,comprado,,[Sprint 3]
TS00073,41,novillo,macho,Aberdeen Angus,18/05/2025,comprado,,[Sprint 3]
,,novillo,macho,Sin identificacion,01/01/2023,comprado,,
,42,novillo,macho,Aberdeen Angus,04/11/2023,comprado,,[Sprint 3]
TS00074,43,novillo,macho,Nelore,22/04/2024,comprado,,[Sprint 3]
TS00075,44,novillo,macho,Shorthorn,18/04/2025,comprado,,[Sprint 3]
TS00076,45,novillo,macho,Aberdeen Angus,30/08/2023,comprado,,[Sprint 3]
TS00077,,novillo,macho,Hereford,23/08/2023,comprado,,[Sprint 3]
TS00078,46,novillo,macho,Brahman,02/04/2024,comprado,,[Sprint 3]
TS00079,47,novillo,macho,Hereford,18/09/2024,comprado,,[Sprint 3]
TS00080,,novillo,macho,Brahman,15/06/2025,comprado,,[Sprint 3]
TS00081,,novillo,macho,Brahman,24/02/2025,comprado,,[Sprint 3]
TS00082,48,novillo,macho,Hereford,16/07/2024,comprado,,[Sprint 3]
,49,novillo,macho,Aberdeen Angus,20/03/2024,comprado,,[Sprint 3]
TS00083,50,novillo,macho,Brahman,28/08/2024,comprado,,[Sprint 3]
,51,novillo,macho,Brahman,22/12/2023,comprado,,[Sprint 3]
,52,novillo,macho,Limousin,13/06/2024,comprado,,[Sprint 3]
TS00084,,novillo,macho,Shorthorn,19/03/2024,comprado,,[Sprint 3]
TS00085,,novillo,macho,Hereford,03/08/2024,comprado,,[Sprint 3]
,53,novillo,macho,Brangus,22/10/2024,comprado,,[Sprint 3]
TS00086,,novillo,macho,Nelore,27/02/2024,comprado,,[Sprint 3]
TS00087,54,novillo,macho,Shorthorn,09/06/2024,comprado,,[Sprint 3]
TS00088,,novillo,macho,Brangus,19/04/2024,comprado,,[Sprint 3]
TS00089,55,novillo,macho,Brangus,08/01/2025,comprado,,[Sprint 3]
,56,novillo,macho,Brahman,01/04/2024,comprado,,[Sprint 3]
TS00090,,novillo,macho,Aberdeen Angus,17/08/2023,comprado,,[Sprint 3]
TS00091,57,novillo,macho,Limousin,25/05/2024,comprado,,[Sprint 3]
TS00092,58,novillo,macho,Nelore,06/08/2024,comprado,,[Sprint 3]
TS00093,,novillo,macho,Nelore,10/07/2023,comprado,,[Sprint 3]
TS00094,59,novillo,macho,Brangus,19/05/2025,comprado,,[Sprint 3]
,,novillo,macho,Sin identificacion,01/01/2023,comprado,,
TS00095,,novillo,macho,Shorthorn,13/11/2023,comprado,,[Sprint 3]
TS00096,,novillo,macho,Limousin,07/06/2024,comprado,,[Sprint 3]
TS00097,60,novillo,macho,Limousin,21/01/2024,comprado,,[Sprint 3]
TS00098,61,novillo,macho,Shorthorn,03/01/2024,comprado,,[Sprint 3]
TS00099,,novillo,macho,Shorthorn,15/05/2024,comprado,,[Sprint 3]
TS00100,,novillo,macho,Brangus,21/03/2025,comprado,,[Sprint 3]
TS00101,62,novillo,macho,,12/02/2024,comprado,,[Sprint 3]
TS00102,,novillo,macho,Aberdeen Angus,29/12/2023,comprado,,[Sprint 3]
TS00103,,novillo,macho,Brangus,03/04/2025,comprado,,[Sprint 3]
TS00104,,novillo,macho,Shorthorn,05/03/2024,comprado,,[Sprint 3]
TS00105,63,novillo,macho,Hereford,03/08/2023,comprado,,[Sprint 3]
TS00106,64,novillo,macho,,21/09/2023,comprado,,[Sprint 3]
TS00107,,novillo,macho,Limousin,24/01/2024,comprado,,[Sprint 3]
TS00108,65,novillo,macho,Hereford,10/05/2025,comprado,,[Sprint 3]
TS00109,,novillo,macho,Limousin,26/10/2023,comprado,,[Sprint 3]
TS00110,,novillo,macho,,20/06/2025,comprado,,[Sprint 3]
TS00111,66,novillo,macho,,10/11/2023,comprado,,[Sprint 3]
TS00112,67,novillo,macho,Brangus,02/01/2025,comprado,,[Sprint 3]
TS00113,,novillo,macho,Limousin,27/03/2025,comprado,,[Sprint 3]
,68,novillo,macho,,18/12/2023,comprado,,[Sprint 3]
TS00114,,novillo,macho,Shorthorn,21/04/2025,comprado,,[Sprint 3]
,69,novillo,macho,Nelore,10/04/2025,comprado,,[Sprint 3]
TS00115,70,novillo,macho,Nelore,26/04/2024,comprado,,[Sprint 3]
TS00116,71,novillo,macho,Aberdeen Angus,12/01/2025,comprado,,[Sprint 3]
TS00117,72,novillo,macho,Brahman,18/06/2025,comprado,,[Sprint 3]
TS00118,73,novillo,macho,Brangus,29/08/2024,comprado,,[Sprint 3]
TS00119,74,novillo,macho,Limousin,05/02/2024,comprado,,[Sprint 3]
TS00120,,novillo,macho,Hereford,20/06/2025,comprado,,[Sprint 3]
TS00121,,novillo,macho,,01/08/2024,comprado,,[Sprint 3]
TS00122,75,novillo,macho,Limousin,11/08/2024,comprado,,[Sprint 3]
TS00123,,novillo,macho,Nelore,17/03/2025,comprado,,[Sprint 3]
ER00048,,novillo,macho,Hereford,06/15/2023,comprado,,
TS00124,76,novillo,macho,Hereford,17/11/2024,comprado,,[Sprint 3]
TS00125,,novillo,macho,Brahman,26/08/2024,comprado,,[Sprint 3]
TS00126,,novillo,macho,Hereford,06/04/2025,comprado,,[Sprint 3]
,77,novillo,macho,Hereford,17/05/2025,comprado,,[Sprint 3]
TS00127,78,novillo,macho,Brahman,23/10/2024,comprado,,[Sprint 3]
TS00128,79,novillo,macho,,10/02/2024,comprado,,[Sprint 3]
TS00129,,novillo,macho,Shorthorn,31/07/2024,comprado,,[Sprint 3]
TS00130,,novillo,macho,Aberdeen Angus,23/03/2024,comprado,,[Sprint 3]
ER00035,,novillo,macho,Hereford,01/01/2023,transferido,,
TS00131,,novillo,macho,Brangus,31/08/2023,comprado,,[Sprint 3]
TS00132,80,novillo,macho,Hereford,06/05/2025,comprado,,[Sprint 3]
TS00133,,novillo,macho,Hereford,29/01/2024,comprado,,[Sprint 3]
TS00134,81,novillo,macho,Aberdeen Angus,04/11/2024,comprado,,[Sprint 3]
TS00135,82,novillo,macho,Shorthorn,24/06/2025,comprado,,[Sprint 3]
,83,novillo,macho,Aberdeen Angus,21/03/2025,comprado,,[Sprint 3]
,84,novillo,macho,Aberdeen Angus,22/05/2024,comprado,,[Sprint 3]
TS00136,,novillo,macho,Limousin,17/02/2025,comprado,,[Sprint 3]
TS00137,,novillo,macho,Nelore,24/09/2023,comprado,,[Sprint 3]
TS00138,,novillo,macho,Aberdeen Angus,08/06/2025,comprado,,[Sprint 3]
,85,novillo,macho,Brangus,20/08/2023,comprado,,[Sprint 3]
TS00139,,novillo,macho,Brangus,17/09/2023,comprado,,[Sprint 3]
TS00140,86,novillo,macho,Aberdeen Angus,21/11/2024,comprado,,[Sprint 3]
TS00141,87,novillo,macho,Brahman,21/10/2024,comprado,,[Sprint 3]
TS00142,,novillo,macho,Shorthorn,05/05/2025,comprado,,[Sprint 3]
TS00143,,novillo,macho,,15/11/2024,comprado,,[Sprint 3]
TS00144,,novillo,macho,Brangus,08/04/2024,comprado,,[Sprint 3]
TS00145,,novillo,macho,Shorthorn,05/10/2023,comprado,,[Sprint 3]
,88,novillo,macho,Limousin,26/10/2024,comprado,,[Sprint 3]
TS00146,89,novillo,macho,Brahman,05/06/2024,comprado,,[Sprint 3]
TS00147,90,novillo,macho,Brangus,29/03/2024,comprado,,[Sprint 3]
TS00148,91,novillo,macho,Hereford,16/04/2024,comprado,,[Sprint 3]
TS00149,92,novillo,macho,Limousin,12/03/2024,comprado,,[Sprint 3]
TS00150,,novillo,macho,,15/06/2025,comprado,,[Sprint 3]
TS00151,93,novillo,macho,Aberdeen Angus,26/07/2023,comprado,,[Sprint 3]
TS00152,94,novillo,macho,Shorthorn,14/03/2024,comprado,,[Sprint 3]
ER00027,,cria,macho,Hereford,01/01/2023,comprado,,
TS00153,95,novillo,macho,Brangus,25/01/2025,comprado,,[Sprint 3]
TS00154,,novillo,macho,Brangus,11/06/2024,comprado,,[Sprint 3]
TS00155,96,novillo,macho,Nelore,22/03/2024,comprado,,[Sprint 3]
TS00156,97,novillo,macho,Brahman,08/11/2023,comprado,,[Sprint 3]
TS00157,,novillo,macho,Shorthorn,17/04/2024,comprado,,[Sprint 3]
TS00158,,novillo,macho,Nelore,07/05/2024,comprado,,[Sprint 3]
TS00159,98,novillo,macho,Brahman,03/07/2025,comprado,,[Sprint 3]
TS00160,,novillo,macho,Shorthorn,25/01/2025,comprado,,[Sprint 3]
TS00161,99,novillo,macho,Aberdeen Angus,22/11/2024,comprado,,[Sprint 3]
,100,novillo,macho,,31/10/2024,comprado,,[Sprint 3]
TS00162,101,novillo,macho,Shorthorn,30/08/2023,comprado,,[Sprint 3]
,102,novillo,macho,Limousin,13/09/2023,comprado,,[Sprint 3]
TS00163,103,novillo,macho,Hereford,10/06/2025,comprado,,[Sprint 3]
TS00164,,novillo,macho,Aberdeen Angus,15/05/2024,comprado,,[Sprint 3]
,104,novillo,macho,Nelore,07/09/2024,comprado,,[Sprint 3]
,105,novillo,macho,Shorthorn,04/10/2024,comprado,,[Sprint 3]
TS00165,,novillo,macho,Hereford,16/05/2024,comprado,,[Sprint 3]
TS00166,,novillo,macho,Nelore,06/02/2024,comprado,,[Sprint 3]
TS00167,106,novillo,macho,Brahman,10/03/2024,comprado,,[Sprint 3]
TS00168,107,novillo,macho,,30/08/2024,comprado,,[Sprint 3]
TS00169,108,novillo,macho,Nelore,11/08/2023,comprado,,[Sprint 3]
ER00018,,novillo,femenino,Hereford,01/01/2023,comprado,,
TS00170,109,novillo,macho,Aberdeen Angus,15/10/2024,comprado,,[Sprint 3]
TS00171,,novillo,macho,Nelore,09/04/2025,comprado,,[Sprint 3]
TS00172,110,novillo,macho,Brahman,02/05/2025,comprado,,[Sprint 3]
TS00173,,novillo,macho,Hereford,20/09/2023,comprado,,[Sprint 3]
TS00174,111,novillo,macho,Shorthorn,10/02/2025,comprado,,[Sprint 3]
TS00175,112,novillo,macho,Limousin,15/05/2024,comprado,,[Sprint 3]
,113,novillo,macho,,25/11/2024,comprado,,[Sprint 3]
TS00176,114,novillo,macho,Brangus,23/09/2024,comprado,,[Sprint 3]
TS00177,115,novillo,macho,Hereford,28/02/2024,comprado,,[Sprint 3]
TS00178,,novillo,macho,Hereford,09/04/2024,comprado,,[Sprint 3]
,116,novillo,macho,,21/12/2024,comprado,,[Sprint 3]
,117,novillo,macho,Limousin,27/02/2025,comprado,,[Sprint 3]
TS00179,118,novillo,macho,,10/10/2023,comprado,,[Sprint 3]
TS00180,119,novillo,macho,Aberdeen Angus,25/05/2025,comprado,,[Sprint 3]
,120,novillo,macho,,18/06/2025,comprado,,[Sprint 3]
ER00031,,novillo,macho,Hereford,01/01/2023,donado,,
TS00181,,novillo,macho,Hereford,22/01/2025,comprado,,[Sprint 3]
TS00182,121,novillo,macho,Aberdeen Angus,04/06/2024,comprado,,[Sprint 3]
,122,novillo,macho,Hereford,16/12/2024,comprado,,[Sprint 3]
TS00183,123,novillo,macho,Hereford,04/09/2024,comprado,,[Sprint 3]
TS00184,124,novillo,macho,,30/11/2024,comprado,,[Sprint 3]
,125,novillo,macho,Brahman,21/01/2025,comprado,,[Sprint 3]
,126,novillo,macho,,23/06/2025,comprado,,[Sprint 3]
TS00185,,novillo,macho,Nelore,23/03/2025,comprado,,[Sprint 3]
TS00186,127,novillo,macho,Limousin,23/07/2023,comprado,,[Sprint 3]
TS00187,,novillo,macho,,02/11/2023,comprado,,[Sprint 3]
,,novillo,macho,Sin identificacion,01/01/2023,comprado,,
TS00188,,novillo,macho,,13/12/2023,comprado,,[Sprint 3]
,128,novillo,macho,Shorthorn,30/06/2025,comprado,,[Sprint 3]
TS00189,129,novillo,macho,Nelore,03/11/2024,comprado,,[Sprint 3]
TS00190,130,novillo,macho,Brahman,20/01/2024,comprado,,[Sprint 3]
,131,novillo,macho,Brangus,05/09/2024,comprado,,[Sprint 3]
,132,novillo,macho,Shorthorn,11/07/2023,comprado,,[Sprint 3]
TS00191,,novillo,macho,,21/02/2025,comprado,,[Sprint 3]
,133,novillo,macho,Brangus,15/11/2024,comprado,,[Sprint 3]
TS00192,,novillo,macho,,29/07/2024,comprado,,[Sprint 3]
TS00193,,novillo,macho,Nelore,22/06/2025,comprado,,[Sprint 3]
TS00194,134,novillo,macho,Hereford,01/09/2024,comprado,,[Sprint 3]
TS00195,135,novillo,macho,Limousin,02/08/2024,comprado,,[Sprint 3]
TS00196,,novillo,macho,Brahman,06/05/2025,comprado,,[Sprint 3]
TS00197,136,novillo,macho,Brangus,04/12/2024,comprado,,[Sprint 3]
TS00198,,novillo,macho,Aberdeen Angus,01/10/2024,comprado,,[Sprint 3]
TS00199,137,novillo,macho,Limousin,03/12/2023,comprado,,[Sprint 3]
TS00200,,novillo,macho,,23/09/2023,comprado,,[Sprint 3]
,138,novillo,macho,Limousin,07/04/2025,comprado,,[Sprint 3]
TS00201,,novillo,macho,Limousin,29/05/2025,comprado,,[Sprint 3]
TS00202,,novillo,macho,Hereford,19/11/2024,comprado,,[Sprint 3]
TS00203,139,novillo,macho,Shorthorn,08/06/2025,comprado,,[Sprint 3]
TS00204,,novillo,macho,Aberdeen Angus,25/09/2024,comprado,,[Sprint 3]
TS00205,,novillo,macho,,19/10/2023,comprado,,[Sprint 3]
TS00206,140,novillo,macho,Hereford,07/08/2023,comprado,,[Sprint 3]
TS00207,141,novillo,macho,Brangus,10/07/2024,comprado,,[Sprint 3]
TS00208,142,novillo,macho,Brahman,02/09/2024,comprado,,[Sprint 3]
TS00209,143,novillo,macho,Nelore,03/08/2024,comprado,,[Sprint 3]
TS00210,144,novillo,macho,,02/03/2024,comprado,,[Sprint 3]
TS00211,145,novillo,macho,Hereford,21/05/2025,comprado,,[Sprint 3]
,146,novillo,macho,Brahman,28/04/2024,comprado,,[Sprint 3]
TS00212,,novillo,macho,Shorthorn,01/03/2025,comprado,,[Sprint 3]
TS00213,147,novillo,macho,,21/03/2024,comprado,,[Sprint 3]
,148,novillo,macho,,05/08/2024,comprado,,[Sprint 3]
TS00214,149,novillo,macho,Shorthorn,10/07/2024,comprado,,[Sprint 3]
,150,novillo,macho,Limousin,13/05/2025,comprado,,[Sprint 3]
TS00215,151,novillo,macho,Hereford,10/06/2025,comprado,,[Sprint 3]
TS00216,,novillo,macho,Nelore,27/04/2024,comprado,,[Sprint 3]
,,novillo,macho,Sin identificacion,01/01/2023,comprado,,
TS00217,152,novillo,macho,Nelore,20/04/2025,comprado,,[Sprint 3]
TS00218,,novillo,macho,Brahman,14/05/2025,comprado,,[Sprint 3]
ER00028,,cria,macho,Hereford,01/01/2023,comprado,,
TS00219,,novillo,macho,Hereford,30/04/2025,comprado,,[Sprint 3]
TS00220,153,novillo,macho,Brangus,21/02/2025,comprado,,[Sprint 3]
TS00221,154,novillo,macho,Brangus,06/05/2024,comprado,,[Sprint 3]
TS00222,155,novillo,macho,Brangus,21/11/2023,comprado,,[Sprint 3]
TS00223,,novillo,macho,Shorthorn,24/12/2023,comprado,,[Sprint 3]
TS00224,,novillo,macho,Brangus,06/05/2024,comprado,,[Sprint 3]
,156,novillo,macho,Brahman,24/09/2023,comprado,,[Sprint 3]
,157,novillo,macho,Limousin,31/05/2025,comprado,,[Sprint 3]
TS00225,,novillo,macho,Aberdeen Angus,17/07/2024,comprado,,[Sprint 3]
,158,novillo,macho,Aberdeen Angus,08/01/2025,comprado,,[Sprint 3]
TS00226,,novillo,macho,Shorthorn,27/05/2025,comprado,,[Sprint 3]
TS00227,,novillo,macho,Aberdeen Angus,23/07/2024,comprado,,[Sprint 3]
TS00228,159,novillo,macho,Brangus,03/04/2025,comprado,,[Sprint 3]
,160,novillo,macho,,11/09/2023,comprado,,[Sprint 3]
,161,novillo,macho,Aberdeen Angus,30/08/2024,comprado,,[Sprint 3]
TS00229,,novillo,macho,,15/05/2024,comprado,,[Sprint 3]
TS00230,162,novillo,macho,Brahman,09/01/2025,comprado,,[Sprint 3]
ER00014,,novillo,femenino,Hereford,01/01/2023,comprado,,
TS00231,163,novillo,macho,Limousin,21/06/2025,comprado,,[Sprint 3]
TS00232,,novillo,macho,Aberdeen Angus,05/09/2024,comprado,,[Sprint 3]
TS00233,,novillo,macho,Hereford,20/04/2024,comprado,,[Sprint 3]
TS00234,164,novillo,macho,Nelore,06/10/2024,comprado,,[Sprint 3]
,165,novillo,macho,Brangus,10/06/2025,comprado,,[Sprint 3]
TS00235,,novillo,macho,Hereford,10/07/2024,comprado,,[Sprint 3]
TS00236,166,novillo,macho,,11/11/2023,comprado,,[Sprint 3]
TS00237,167,novillo,macho,Hereford,23/04/2025,comprado,,[Sprint 3]
TS00238,168,vaquillona,hembra,Nelore,14/11/2023,comprado,,[Sprint 3]
TS00239,,vaquillona,hembra,Nelore,06/02/2024,comprado,,[Sprint 3]
,169,vaquillona,hembra,Hereford,07/12/2023,comprado,,[Sprint 3]
TS00240,,vaquillona,hembra,Shorthorn,19/11/2023,comprado,,[Sprint 3]
,170,vaquillona,hembra,Brahman,04/08/2023,comprado,,[Sprint 3]
TS00241,,vaquillona,hembra,Brangus,08/03/2024,comprado,,[Sprint 3]
TS00242,171,vaquillona,hembra,Limousin,15/11/2023,comprado,,[Sprint 3]
TS00243,,vaquillona,hembra,,07/11/2024,comprado,,[Sprint 3]
,172,vaquillona,hembra,,28/10/2023,comprado,,[Sprint 3]
TS00244,,vaquillona,hembra,Shorthorn,22/08/2023,comprado,,[Sprint 3]
TS00245,,vaquillona,hembra,,09/09/2023,comprado,,[Sprint 3]
,173,vaquillona,hembra,,27/10/2023,comprado,,[Sprint 3]
TS00246,174,vaquillona,hembra,Brangus,29/09/2023,comprado,,[Sprint 3]
TS00247,175,vaquillona,hembra,Brangus,15/04/2024,comprado,,[Sprint 3]
TS00248,176,vaquillona,hembra,,05/05/2024,comprado,,[Sprint 3]
TS00249,177,vaquillona,hembra,Aberdeen Angus,26/06/2025,comprado,,[Sprint 3]
ER00034,,novillo,macho,Hereford,01/01/2023,importado,,
TS00250,,vaquillona,hembra,Nelore,23/01/2025,comprado,,[Sprint 3]
TS00251,,vaquillona,hembra,Brangus,04/09/2024,comprado,,[Sprint 3]
,178,vaquillona,hembra,Brangus,14/10/2023,comprado,,[Sprint 3]
TS00252,,vaquillona,hembra,Brahman,26/07/2024,comprado,,[Sprint 3]
TS00253,179,vaquillona,hembra,Aberdeen Angus,10/10/2023,comprado,,[Sprint 3]
TS00254,180,vaquillona,hembra,Brahman,24/07/2024,comprado,,[Sprint 3]
TS00255,181,vaquillona,hembra,Brangus,03/02/2025,comprado,,[Sprint 3]
TS00256,182,vaquillona,hembra,Limousin,20/05/2025,comprado,,[Sprint 3]
TS00257,,vaquillona,hembra,Shorthorn,28/04/2024,comprado,,[Sprint 3]
TS00258,183,vaquillona,hembra,Brahman,11/02/2024,comprado,,[Sprint 3]
TS00259,184,vaquillona,hembra,Brangus,27/10/2023,comprado,,[Sprint 3]
,185,vaquillona,hembra,Nelore,19/04/2024,comprado,,[Sprint 3]
TS00260,,vaquillona,hembra,Hereford,05/04/2025,comprado,,[Sprint 3]
TS00261,,vaquillona,hembra,Shorthorn,18/06/2025,comprado,,[Sprint 3]
TS00262,186,vaquillona,hembra,Brangus,20/05/2024,comprado,,[Sprint 3]
TS00263,187,vaquillona,hembra,Limousin,02/12/2023,comprado,,[Sprint 3]
TS00264,,vaquillona,hembra,Aberdeen Angus,09/08/2023,comprado,,[Sprint 3]
TS00265,188,vaquillona,hembra,,10/09/2024,comprado,,[Sprint 3]
TS00266,189,vaquillona,hembra,Aberdeen Angus,05/06/2024,comprado,,[Sprint 3]
,190,vaquillona,hembra,Hereford,01/04/2025,comprado,,[Sprint 3]
TS00267,191,vaquillona,hembra,Limousin,16/05/2025,comprado,,[Sprint 3]
TS00268,192,vaquillona,hembra,Nelore,13/04/2024,comprado,,[Sprint 3]
,193,vaquillona,hembra,Aberdeen Angus,21/09/2024,comprado,,[Sprint 3]
TS00269,,vaquillona,hembra,Shorthorn,18/11/2024,comprado,,[Sprint 3]
TS00270,194,vaquillona,hembra,Hereford,13/03/2025,comprado,,[Sprint 3]
TS00271,195,vaquillona,hembra,Brahman,10/02/2024,comprado,,[Sprint 3]
,196,vaquillona,hembra,Hereford,08/11/2023,comprado,,[Sprint 3]
TS00272,197,vaquillona,hembra,Limousin,18/11/2023,comprado,,[Sprint 3]
TS00273,198,vaquillona,hembra,Brangus,31/01/2025,comprado,,[Sprint 3]
TS00274,,vaquillona,hembra,Limousin,21/08/2023,comprado,,[Sprint 3]
TS00275,,vaquillona,hembra,Limousin,24/05/2024,comprado,,[Sprint 3]
TS00276,,vaquillona,hembra,Shorthorn,08/09/2024,comprado,,[Sprint 3]
TS00277,199,vaquillona,hembra,Brahman,05/06/2024,comprado,,[Sprint 3]
TS00278,,vaquillona,hembra,Brangus,14/06/2025,comprado,,[Sprint 3]
TS00279,,vaquillona,hembra,Limousin,14/03/2024,comprado,,[Sprint 3]
TS00280,200,vaquillona,hembra,Shorthorn,17/08/2024,comprado,,[Sprint 3]
TS00281,201,vaquillona,hembra,Aberdeen Angus,28/12/2023,comprado,,[Sprint 3]
TS00282,202,vaquillona,hembra,Nelore,12/12/2024,comprado,,[Sprint 3]
,203,vaquillona,hembra,Brahman,29/04/2025,comprado,,[Sprint 3]
TS00283,204,vaquillona,hembra,Brahman,27/01/2024,comprado,,[Sprint 3]
TS00284,,vaquillona,hembra,Aberdeen Angus,10/05/2025,comprado,,[Sprint 3]
TS00285,,vaquillona,hembra,,25/11/2024,comprado,,[Sprint 3]
TS00286,,vaquillona,hembra,Brangus,10/10/2024,comprado,,[Sprint 3]
TS00287,,vaquillona,hembra,,10/12/2023,comprado,,[Sprint 3]
TS00288,205,vaquillona,hembra,Shorthorn,14/05/2024,comprado,,[Sprint 3]
TS00289,206,vaquillona,hembra,Shorthorn,22/09/2023,comprado,,[Sprint 3]
TS00290,207,vaquillona,hembra,Shorthorn,20/07/2024,comprado,,[Sprint 3]
TS00291,,vaquillona,hembra,Limousin,09/10/2023,comprado,,[Sprint 3]
TS00292,208,vaquillona,hembra,,20/08/2023,comprado,,[Sprint 3]
,209,vaquillona,hembra,Brangus,17/01/2024,comprado,,[Sprint 3]
TS00293,210,vaquillona,hembra,,10/09/2023,comprado,,[Sprint 3]
TS00294,,vaquillona,hembra,Aberdeen Angus,24/06/2024,comprado,,[Sprint 3]
TS00295,211,vaquillona,hembra,,18/03/2024,comprado,,[Sprint 3]
,212,vaquillona,hembra,Brahman,24/03/2025,comprado,,[Sprint 3]
ER00050,,novillo,macho,Hereford,2023/06/15,comprado,,
TS00296,,vaquillona,hembra,Limousin,08/08/2024,comprado,,[Sprint 3]
TS00297,,vaquillona,hembra,Brangus,31/08/2023,comprado,,[Sprint 3]
TS00298,213,vaquillona,hembra,Limousin,02/06/2025,comprado,,[Sprint 3]
TS00299,,vaquillona,hembra,Brahman,11/05/2025,comprado,,[Sprint 3]
TS00300,214,vaquillona,hembra,Brangus,30/11/2023,comprado,,[Sprint 3]
TS00301,,vaquillona,hembra,Limousin,17/05/2025,comprado,,[Sprint 3]
ER00040,,novillo,macho,Hereford,01/01/2023,donado,,
TS00302,,vaquillona,hembra,Shorthorn,03/10/2023,comprado,,[Sprint 3]
TS00303,,vaquillona,hembra,Brahman,09/06/2024,comprado,,[Sprint 3]
TS00304,,vaquillona,hembra,Aberdeen Angus,09/06/2025,comprado,,[Sprint 3]
TS00305,215,vaquillona,hembra,Hereford,13/07/2024,comprado,,[Sprint 3]
TS00306,216,vaquillona,hembra,Brangus,13/02/2024,comprado,,[Sprint 3]
,217,vaquillona,hembra,Brahman,25/02/2024,comprado,,[Sprint 3]
TS00307,218,vaquillona,hembra,Hereford,20/10/2023,comprado,,[Sprint 3]
TS00308,,vaquillona,hembra,Brahman,01/04/2025,comprado,,[Sprint 3]
TS00309,219,vaquillona,hembra,Brahman,10/01/2024,comprado,,[Sprint 3]
TS00310,220,vaquillona,hembra,Nelore,16/07/2024,comprado,,[Sprint 3]
TS00311,,vaquillona,hembra,Nelore,10/10/2024,comprado,,[Sprint 3]
TS00312,221,vaquillona,hembra,Nelore,31/10/2024,comprado,,[Sprint 3]
TS00313,,vaquillona,hembra,,02/10/2024,comprado,,[Sprint 3]
TS00314,,vaquillona,hembra,Limousin,04/12/2024,comprado,,[Sprint 3]
TS00315,,vaquillona,hembra,Brahman,19/03/2025,comprado,,[Sprint 3]
,222,vaquillona,hembra,Brangus,12/11/2024,comprado,,[Sprint 3]
TS00316,223,vaquillona,hembra,Aberdeen Angus,18/12/2024,comprado,,[Sprint 3]
TS00317,,vaquillona,hembra,,13/04/2024,comprado,,[Sprint 3]
,224,vaquillona,hembra,Aberdeen Angus,28/09/2024,comprado,,[Sprint 3]
,225,vaquillona,hembra,Brangus,12/10/2024,comprado,,[Sprint 3]
,226,vaquillona,hembra,Brangus,17/08/2024,comprado,,[Sprint 3]
TS00318,,vaquillona,hembra,Nelore,26/07/2024,comprado,,[Sprint 3]
TS00319,,vaquillona,hembra,Brangus,04/05/2025,comprado,,[Sprint 3]
,227,vaquillona,hembra,,27/04/2024,comprado,,[Sprint 3]
TS00320,228,vaquillona,hembra,,30/06/2025,comprado,,[Sprint 3]
TS00321,229,vaquillona,hembra,Hereford,28/09/2023,comprado,,[Sprint 3]
ER00041,,novillo,macho,Hereford,15.06.2023,comprado,,
TS00322,,vaquillona,hembra,Limousin,20/01/2025,comprado,,[Sprint 3]
TS00323,230,vaquillona,hembra,Aberdeen Angus,12/05/2024,comprado,,[Sprint 3]
TS00324,231,vaquillona,hembra,,06/04/2025,comprado,,[Sprint 3]
TS00325,,vaquillona,hembra,Hereford,01/12/2024,comprado,,[Sprint 3]
TS00326,232,vaquillona,hembra,Shorthorn,03/12/2023,comprado,,[Sprint 3]
TS00327,,vaquillona,hembra,Limousin,11/03/2024,comprado,,[Sprint 3]
TS00328,,vaquillona,hembra,Brangus,26/12/2024,comprado,,[Sprint 3]
TS00329,233,vaquillona,hembra,Hereford,09/12/2024,comprado,,[Sprint 3]
TS00330,234,vaquillona,hembra,Limousin,19/04/2025,comprado,,[Sprint 3]
,235,vaquillona,hembra,Brangus,25/07/2023,comprado,,[Sprint 3]
,236,vaquillona,hembra,Aberdeen Angus,11/05/2025,comprado,,[Sprint 3]
TS00331,,vaquillona,hembra,Brahman,13/06/2024,comprado,,[Sprint 3]
ER00045,,novillo,macho,Hereford,15-06-2023,comprado,,
TS00332,237,vaquillona,hembra,Brahman,27/04/2025,comprado,,[Sprint 3]
TS00333,,vaquillona,hembra,,20/06/2025,comprado,,[Sprint 3]
TS00334,,vaquillona,hembra,,11/09/2023,comprado,,[Sprint 3]
TS00335,238,vaquillona,hembra,Hereford,29/01/2024,comprado,,[Sprint 3]
TS00336,239,vaquillona,hembra,,19/08/2024,comprado,,[Sprint 3]
TS00337,,vaquillona,hembra,Shorthorn,20/01/2024,comprado,,[Sprint 3]
TS00338,,vaquillona,hembra,Brangus,10/05/2025,comprado,,[Sprint 3]
TS00339,,vaquillona,hembra,Limousin,28/09/2024,comprado,,[Sprint 3]
TS00340,,vaquillona,hembra,Brangus,07/08/2024,comprado,,[Sprint 3]
,240,vaquillona,hembra,Brangus,29/11/2024,comprado,,[Sprint 3]
,241,vaquillona,hembra,Limousin,01/10/2023,comprado,,[Sprint 3]
TS00341,,vaquillona,hembra,Shorthorn,09/01/2024,comprado,,[Sprint 3]
TS00342,242,vaquillona,hembra,Shorthorn,15/05/2025,comprado,,[Sprint 3]
TS00343,,vaquillona,hembra,Brahman,17/09/2024,comprado,,[Sprint 3]
TS00344,243,vaquillona,hembra,Brangus,21/08/2023,comprado,,[Sprint 3]
TS00345,244,vaquillona,hembra,Hereford,23/04/2025,comprado,,[Sprint 3]
TS00346,,vaquillona,hembra,Brahman,15/07/2024,comprado,,[Sprint 3]
,245,vaquillona,hembra,,22/03/2025,comprado,,[Sprint 3]
TS00347,246,vaquillona,hembra,Brangus,29/04/2025,comprado,,[Sprint 3]
TS00348,,vaquillona,hembra,Brahman,11/08/2023,comprado,,[Sprint 3]
TS00349,,vaquillona,hembra,,23/07/2024,comprado,,[Sprint 3]
,247,vaquillona,hembra,Brangus,01/01/2025,comprado,,[Sprint 3]
TS00350,,vaquillona,hembra,Aberdeen Angus,20/03/2024,comprado,,[Sprint 3]
TS00351,248,vaquillona,hembra,Limousin,20/12/2024,comprado,,[Sprint 3]
,249,vaquillona,hembra,,31/03/2024,comprado,,[Sprint 3]
TS00352,,vaquillona,hembra,,18/06/2025,comprado,,[Sprint 3]
TS00353,250,vaquillona,hembra,,22/09/2023,comprado,,[Sprint 3]
TS00354,,vaquillona,hembra,Brangus,06/10/2023,comprado,,[Sprint 3]
TS00355,,vaquillona,hembra,Shorthorn,22/01/2025,comprado,,[Sprint 3]
TS00356,,vaquillona,hembra,Brahman,06/07/2025,comprado,,[Sprint 3]
,251,vaquillona,hembra,Nelore,10/11/2023,comprado,,[Sprint 3]
,252,vaquillona,hembra,Hereford,25/11/2024,comprado,,[Sprint 3]
TS00357,253,vaquillona,hembra,Brahman,29/10/2024,comprado,,[Sprint 3]
TS00358,254,vaquillona,hembra,Limousin,20/05/2024,comprado,,[Sprint 3]
TS00359,,vaquillona,hembra,Limousin,28/12/2024,comprado,,[Sprint 3]
TS00360,,vaquillona,hembra,Brahman,22/09/2023,comprado,,[Sprint 3]
TS00361,,vaca,hembra,Brangus,24/02/2024,nacido,,[Sprint 3]
TS00362,,vaca,hembra,Brahman,11/02/2023,nacido,,[Sprint 3]
,255,vaca,hembra,Aberdeen Angus,21/02/2017,nacido,,[Sprint 3]
TS00363,256,vaca,hembra,Nelore,23/06/2024,nacido,,[Sprint 3]
TS00364,,vaca,hembra,Aberdeen Angus,,nacido,,[Sprint 3]
TS00365,,vaca,hembra,Shorthorn,04/12/2017,nacido,,[Sprint 3]
TS00366,257,vaca,hembra,Brahman,28/02/2023,nacido,,[Sprint 3]
TS00367,,vaca,hembra,Brangus,,nacido,,[Sprint 3]
,258,vaca,hembra,Hereford,,nacido,,[Sprint 3]
TS00368,,vaca,hembra,Shorthorn,,nacido,,[Sprint 3]
TS00369,,vaca,hembra,Hereford,09/09/2023,nacido,,[Sprint 3]
TS00370,,vaca,hembra,,29/11/2019,nacido,,[Sprint 3]
TS00371,,vaca,hembra,Aberdeen Angus,10/08/2021,nacido,,[Sprint 3]
TS00372,259,vaca,hembra,Nelore,24/09/2021,nacido,,[Sprint 3]
TS00373,260,vaca,hembra,Brangus,,nacido,,[Sprint 3]
TS00374,,vaca,hembra,Brahman,,nacido,,[Sprint 3]
,261,vaca,hembra,,27/03/2019,nacido,,[Sprint 3]
TS00375,262,vaca,hembra,Shorthorn,02/02/2017,nacido,,[Sprint 3]
TS00376,,vaca,hembra,Brangus,25/04/2018,nacido,,[Sprint 3]
TS00377,,vaca,hembra,,23/04/2018,nacido,,[Sprint 3]
,263,vaca,hembra,,,nacido,,[Sprint 3]
TS00378,,vaca,hembra,Nelore,23/03/2019,nacido,,[Sprint 3]
TS00379,264,vaca,hembra,,23/03/2023,nacido,,[Sprint 3]
TS00380,265,vaca,hembra,Shorthorn,09/01/2018,nacido,,[Sprint 3]
TS00381,,vaca,hembra,Hereford,05/01/2021,nacido,,[Sprint 3]
TS00382,266,vaca,hembra,Limousin,07/05/2017,nacido,,[Sprint 3]
TS00383,,vaca,hembra,Aberdeen Angus,06/07/2023,nacido,,[Sprint 3]
TS00384,267,vaca,hembra,Brangus,28/04/2020,nacido,,[Sprint 3]
,268,vaca,hembra,Hereford,17/02/2022,nacido,,[Sprint 3]
TS00385,269,vaca,hembra,,01/11/2021,nacido,,[Sprint 3]
TS00386,,vaca,hembra,Brangus,26/05/2023,nacido,,[Sprint 3]
TS00387,,vaca,hembra,Shorthorn,,nacido,,[Sprint 3]
ER00029,,vaca_gorda,macho,Hereford,01/01/2023,comprado,,
TS00388,270,vaca,hembra,Shorthorn,06/01/2022,nacido,,[Sprint 3]
TS00389,271,vaca,hembra,Limousin,01/10/2017,nacido,,[Sprint 3]
TS00390,,vaca,hembra,Hereford,,nacido,,[Sprint 3]
TS00391,272,vaca,hembra,Nelore,04/01/2023,nacido,,[Sprint 3]
TS00392,273,vaca,hembra,Limousin,30/07/2023,nacido,,[Sprint 3]
TS00393,,vaca,hembra,Aberdeen Angus,18/05/2024,nacido,,[Sprint 3]
TS00394,274,vaca,hembra,Nelore,25/02/2021,nacido,,[Sprint 3]
TS00395,,vaca,hembra,Hereford,,nacido,,[Sprint 3]
TS00396,275,vaca,hembra,,13/12/2023,nacido,,[Sprint 3]
TS00397,276,vaca,hembra,Brangus,02/07/2022,nacido,,[Sprint 3]
TS00398,,vaca,hembra,Shorthorn,,nacido,,[Sprint 3]
TS00399,277,vaca,hembra,Shorthorn,12/10/2022,nacido,,[Sprint 3]
TS00400,,vaca,hembra,Nelore,06/10/2019,nacido,,[Sprint 3]
TS00401,278,vaca,hembra,Shorthorn,22/10/2022,nacido,,[Sprint 3]
ER00026,,toro_viejo,macho,Hereford,01/01/2023,comprado,,
TS00402,279,vaca,hembra,Brangus,12/12/2020,nacido,,[Sprint 3]
TS00403,,vaca,hembra,Aberdeen Angus,01/10/2019,nacido,,[Sprint 3]
TS00404,280,vaca,hembra,Nelore,23/11/2021,nacido,,[Sprint 3]
TS00405,281,vaca,hembra,Shorthorn,,nacido,,[Sprint 3]
TS00406,,vaca,hembra,Hereford,30/03/2019,nacido,,[Sprint 3]
TS00407,282,vaca,hembra,Aberdeen Angus,10/02/2017,nacido,,[Sprint 3]
TS00408,,vaca,hembra,Hereford,24/01/2018,nacido,,[Sprint 3]
TS00409,,vaca,hembra,,05/11/2023,nacido,,[Sprint 3]
TS00410,283,vaca,hembra,Brangus,,nacido,,[Sprint 3]
TS00411,284,vaca,hembra,Nelore,,nacido,,[Sprint 3]
TS00412,,vaca,hembra,Brahman,,nacido,,[Sprint 3]
TS00413,,vaca,hembra,Hereford,,nacido,,[Sprint 3]
,285,vaca,hembra,Hereford,08/10/2019,nacido,,[Sprint 3]
TS00414,286,vaca,hembra,Shorthorn,12/04/2020,nacido,,[Sprint 3]
TS00415,,vaca,hembra,,10/01/2018,nacido,,[Sprint 3]
TS00416,,vaca,hembra,Shorthorn,01/09/2021,nacido,,[Sprint 3]
TS00417,287,vaca,hembra,Nelore,31/10/2019,nacido,,[Sprint 3]
TS00418,,vaca,hembra,Limousin,,nacido,,[Sprint 3]
TS00419,288,vaca,hembra,Brahman,05/08/2018,nacido,,[Sprint 3]
TS00420,,vaca,hembra,Nelore,28/10/2020,nacido,,[Sprint 3]
ER00015,,novillo,femenino,Hereford,01/01/2023,comprado,,
TS00421,289,vaca,hembra,Hereford,20/01/2023,nacido,,[Sprint 3]
TS00422,290,vaca,hembra,Aberdeen Angus,05/01/2024,nacido,,[Sprint 3]
TS00423,291,vaca,hembra,Shorthorn,30/05/2024,nacido,,[Sprint 3]
TS00424,,vaca,hembra,Brangus,,nacido,,[Sprint 3]
TS00425,292,vaca,hembra,,29/03/2018,nacido,,[Sprint 3]
TS00426,,vaca,hembra,,06/09/2022,nacido,,[Sprint 3]
TS00427,,vaca,hembra,Nelore,,nacido,,[Sprint 3]
TS00428,293,vaca,hembra,,,nacido,,[Sprint 3]
TS00429,294,vaca,hembra,Aberdeen Angus,,nacido,,[Sprint 3]
TS00430,295,vaca,hembra,Brahman,11/12/2022,nacido,,[Sprint 3]
TS00431,,vaca,hembra,Nelore,25/02/2024,nacido,,[Sprint 3]
TS00432,296,vaca,hembra,,,nacido,,[Sprint 3]
,297,vaca,hembra,Hereford,24/08/2021,nacido,,[Sprint 3]
TS00433,,vaca,hembra,Limousin,07/10/2016,nacido,,[Sprint 3]
TS00434,298,vaca,hembra,Hereford,05/05/2017,nacido,,[Sprint 3]
TS00435,,vaca,hembra,Aberdeen Angus,13/03/2017,nacido,,[Sprint 3]
,299,vaca,hembra,Brahman,17/07/2018,nacido,,[Sprint 3]
TS00436,,vaca,hembra,Brangus,27/03/2021,nacido,,[Sprint 3]
,300,vaca,hembra,Limousin,,nacido,,[Sprint 3]
TS00437,,vaca,hembra,Brahman,27/07/2022,nacido,,[Sprint 3]
TS00438,301,vaca,hembra,Limousin,19/07/2022,nacido,,[Sprint 3]
TS00439,,vaca,hembra,Hereford,24/07/2016,nacido,,[Sprint 3]
,302,vaca,hembra,Limousin,,nacido,,[Sprint 3]
TS00440,,vaca,hembra,Brahman,27/05/2020,nacido,,[Sprint 3]
TS00441,,vaca,hembra,Aberdeen Angus,,nacido,,[Sprint 3]
TS00442,,vaca,hembra,Nelore,12/09/2016,nacido,,[Sprint 3]
TS00443,303,vaca,hembra,Hereford,24/03/2023,nacido,,[Sprint 3]
TS00444,304,vaca,hembra,Nelore,29/07/2022,nacido,,[Sprint 3]
TS00445,,vaca,hembra,Nelore,07/10/2019,nacido,,[Sprint 3]
TS00446,,vaca,hembra,Brangus,25/03/2023,nacido,,[Sprint 3]
TS00447,,vaca,hembra,Nelore,,nacido,,[Sprint 3]
ER00049,,novillo,macho,Hereford,15-06-2023,comprado,,
ER00011,,novillo,0,Hereford,01/01/2023,comprado,,
TS00448,305,vaca,hembra,Brahman,27/02/2023,nacido,,[Sprint 3]
TS00449,306,vaca,hembra,Limousin,20/05/2020,nacido,,[Sprint 3]
,307,vaca,hembra,Shorthorn,13/03/2018,nacido,,[Sprint 3]
ER00038,,novillo,macho,Hereford,01/01/2023,donado,,
TS00450,,vaca,hembra,Shorthorn,19/01/2019,nacido,,[Sprint 3]
,308,vaca,hembra,Limousin,03/03/2017,nacido,,[Sprint 3]
,309,vaca,hembra,Shorthorn,31/03/2019,nacido,,[Sprint 3]
TS00451,,vaca,hembra,Brangus,,nacido,,[Sprint 3]
TS00452,,vaca,hembra,Limousin,14/07/2019,nacido,,[Sprint 3]
TS00453,,vaca,hembra,Nelore,,nacido,,[Sprint 3]
,310,vaca,hembra,,15/12/2018,nacido,,[Sprint 3]
,,novillo,macho,Sin identificacion,01/01/2023,comprado,,
TS00454,,vaca,hembra,Nelore,10/09/2016,nacido,,[Sprint 3]
TS00455,,vaca,hembra,Nelore,22/11/2021,nacido,,[Sprint 3]
TS00456,,vaca,hembra,Brangus,17/03/2019,nacido,,[Sprint 3]
,311,vaca,hembra,Shorthorn,20/07/2020,nacido,,[Sprint 3]
TS00457,312,vaca,hembra,,17/08/2017,nacido,,[Sprint 3]
,313,vaca,hembra,Limousin,12/01/2020,nacido,,[Sprint 3]
TS00458,,vaca,hembra,Hereford,,nacido,,[Sprint 3]
TS00459,,vaca,hembra,Shorthorn,16/03/2021,nacido,,[Sprint 3]
TS00460,314,vaca,hembra,,12/04/2019,nacido,,[Sprint 3]
TS00461,,vaca,hembra,,01/01/2022,nacido,,[Sprint 3]
TS00462,,vaca,hembra,,03/02/2018,nacido,,[Sprint 3]
TS00463,,vaca,hembra,Hereford,,nacido,,[Sprint 3]
TS00464,,vaca,hembra,Hereford,07/01/2024,nacido,,[Sprint 3]
,315,vaca,hembra,Nelore,,nacido,,[Sprint 3]
TS00465,316,vaca,hembra,Brangus,20/08/2021,nacido,,[Sprint 3]
TS00466,,vaca,hembra,,,nacido,,[Sprint 3]
TS00467,317,vaca,hembra,Hereford,18/02/2021,nacido,,[Sprint 3]
TS00468,,vaca,hembra,Hereford,27/09/2019,nacido,,[Sprint 3]
TS00469,,vaca,hembra,Aberdeen Angus,14/07/2018,nacido,,[Sprint 3]
,318,vaca,hembra,Shorthorn,22/06/2023,nacido,,[Sprint 3]
,319,vaca,hembra,Limousin,15/09/2020,nacido,,[Sprint 3]
TS00470,320,vaca,hembra,Aberdeen Angus,20/11/2019,nacido,,[Sprint 3]
TS00471,,vaca,hembra,Aberdeen Angus,,nacido,,[Sprint 3]
TS00472,321,vaca,hembra,Hereford,31/08/2023,nacido,,[Sprint 3]
TS00473,322,vaca,hembra,Brangus,,nacido,,[Sprint 3]
TS00474,,vaca,hembra,Hereford,12/06/2022,nacido,,[Sprint 3]
TS00475,,vaca,hembra,,17/11/2022,nacido,,[Sprint 3]
ER00020,,novillo,0,Hereford,01/01/2023,comprado,,
TS00476,,vaca,hembra,Hereford,01/09/2019,nacido,,[Sprint 3]
TS00477,,vaca,hembra,Brahman,05/11/2018,nacido,,[Sprint 3]
,,novillo,macho,Sin identificacion,01/01/2023,comprado,,
TS00478,,vaca,hembra,Shorthorn,21/05/2017,nacido,,[Sprint 3]
TS00479,323,vaca,hembra,Limousin,,nacido,,[Sprint 3]
TS00480,324,vaca,hembra,Aberdeen Angus,03/02/2018,nacido,,[Sprint 3]
TS00481,,vaca,hembra,Nelore,04/06/2021,nacido,,[Sprint 3]
,325,vaca,hembra,Limousin,,nacido,,[Sprint 3]
,326,vaca,hembra,,29/07/2021,nacido,,[Sprint 3]
TS00482,327,vaca,hembra,Limousin,09/08/2018,nacido,,[Sprint 3]
TS00483,,vaca,hembra,Aberdeen Angus,,nacido,,[Sprint 3]
ER00047,,novillo,macho,Hereford,enero 2023,comprado,,
TS00484,328,vaca,hembra,Brahman,,nacido,,[Sprint 3]
TS00485,329,vaca,hembra,Shorthorn,31/07/2016,nacido,,[Sprint 3]
TS00486,,vaca,hembra,Brahman,02/07/2017,nacido,,[Sprint 3]
TS00487,330,vaca,hembra,Hereford,06/09/2017,nacido,,[Sprint 3]
TS00488,331,vaca,hembra,Limousin,28/02/2020,nacido,,[Sprint 3]
TS00489,332,vaca,hembra,Nelore,,nacido,,[Sprint 3]
TS00490,333,vaca,hembra,Shorthorn,29/01/2018,nacido,,[Sprint 3]
TS00491,334,vaca,hembra,Shorthorn,25/05/2021,nacido,,[Sprint 3]
TS00492,335,vaca,hembra,Nelore,06/05/2019,nacido,,[Sprint 3]
TS00493,336,vaca,hembra,Aberdeen Angus,28/08/2021,nacido,,[Sprint 3]
TS00494,337,vaca,hembra,Limousin,24/06/2023,nacido,,[Sprint 3]
,338,vaca,hembra,Brahman,28/10/2023,nacido,,[Sprint 3]
TS00495,,vaca,hembra,Brangus,23/11/2021,nacido,,[Sprint 3]
TS00496,339,vaca,hembra,,25/04/2024,nacido,,[Sprint 3]
TS00497,,vaca,hembra,Limousin,01/09/2019,nacido,,[Sprint 3]
TS00498,,vaca,hembra,Brahman,22/08/2022,nacido,,[Sprint 3]
ER00016,,novillo,femenino,Hereford,01/01/2023,comprado,,
TS00499,340,vaca,hembra,,,nacido,,[Sprint 3]
,341,vaca,hembra,Aberdeen Angus,,nacido,,[Sprint 3]
TS00500,,vaca,hembra,Brahman,14/02/2022,nacido,,[Sprint 3]
TS00501,342,vaca,hembra,Limousin,08/04/2021,nacido,,[Sprint 3]
TS00502,,vaca,hembra,Limousin,06/01/2021,nacido,,[Sprint 3]
TS00503,,vaca,hembra,Aberdeen Angus,18/07/2022,nacido,,[Sprint 3]
TS00504,343,vaca,hembra,Hereford,22/05/2018,nacido,,[Sprint 3]
TS00505,,vaca,hembra,Limousin,29/03/2020,nacido,,[Sprint 3]
TS00506,344,vaca,hembra,Nelore,04/05/2022,nacido,,[Sprint 3]
TS00507,345,vaca,hembra,Brahman,,nacido,,[Sprint 3]
TS00508,346,vaca,hembra,Aberdeen Angus,09/03/2021,nacido,,[Sprint 3]
TS00509,,vaca,hembra,Brangus,08/01/2020,nacido,,[Sprint 3]
TS00510,347,vaca,hembra,Aberdeen Angus,11/11/2021,nacido,,[Sprint 3]
TS00511,,vaca,hembra,Hereford,21/11/2019,nacido,,[Sprint 3]
,348,vaca,hembra,Aberdeen Angus,,nacido,,[Sprint 3]
TS00512,349,vaca,hembra,Nelore,,nacido,,[Sprint 3]
TS00513,350,vaca,hembra,,21/04/2021,nacido,,[Sprint 3]
TS00514,351,vaca,hembra,Limousin,15/09/2023,nacido,,[Sprint 3]
TS00515,,vaca,hembra,,,nacido,,[Sprint 3]
,,novillo,macho,Sin identificacion,01/01/2023,comprado,,
TS00516,352,vaca,hembra,Nelore,,nacido,,[Sprint 3]
TS00517,,vaca,hembra,Aberdeen Angus,,nacido,,[Sprint 3]
,353,vaca,hembra,,25/09/2018,nacido,,[Sprint 3]
TS00518,,vaca,hembra,Brangus,09/09/2023,nacido,,[Sprint 3]
ER00023,,gordo,macho,Hereford,01/01/2023,comprado,,
TS00519,,vaca,hembra,Brangus,04/06/2020,nacido,,[Sprint 3]
TS00520,,vaca,hembra,Shorthorn,,nacido,,[Sprint 3]
,354,vaca,hembra,Aberdeen Angus,13/01/2020,nacido,,[Sprint 3]
TS00521,355,vaca,hembra,Limousin,09/02/2018,nacido,,[Sprint 3]
TS00522,356,vaca,hembra,,09/08/2018,nacido,,[Sprint 3]
TS00523,,vaca,hembra,Brahman,19/06/2018,nacido,,[Sprint 3]
TS00524,357,vaca,hembra,Hereford,31/07/2021,nacido,,[Sprint 3]
TS00525,,vaca,hembra,Limousin,17/09/2018,nacido,,[Sprint 3]
,358,vaca,hembra,,14/03/2024,nacido,,[Sprint 3]
TS00526,,vaca,hembra,Hereford,13/06/2017,nacido,,[Sprint 3]
,359,vaca,hembra,Shorthorn,16/01/2019,nacido,,[Sprint 3]
TS00527,360,vaca,hembra,,,nacido,,[Sprint 3]
TS00528,361,vaca,hembra,Brangus,12/08/2022,nacido,,[Sprint 3]
TS00529,,vaca,hembra,,,nacido,,[Sprint 3]
ER00022,,toro_viejo,macho,Hereford,01/01/2023,comprado,,
TS00530,,vaca,hembra,Nelore,08/11/2023,nacido,,[Sprint 3]
TS00531,,vaca,hembra,Aberdeen Angus,06/06/2020,nacido,,[Sprint 3]
TS00532,,vaca,hembra,Nelore,,nacido,,[Sprint 3]
TS00533,,vaca_con_cria,hembra,Limousin,29/06/2024,nacido,,[Sprint 3]
TS00534,362,vaca_con_cria,hembra,Hereford,04/11/2018,nacido,,[Sprint 3]
TS00535,363,vaca_con_cria,hembra,Brangus,30/05/2018,nacido,,[Sprint 3]
,364,vaca_con_cria,hembra,Aberdeen Angus,17/04/2022,nacido,,[Sprint 3]
ER00032,,novillo,macho,Hereford,01/01/2023,importado,,
TS00536,,vaca_con_cria,hembra,Shorthorn,09/03/2017,nacido,,[Sprint 3]
,365,vaca_con_cria,hembra,Nelore,,nacido,,[Sprint 3]
TS00537,366,vaca_con_cria,hembra,Limousin,08/02/2024,nacido,,[Sprint 3]
TS00538,367,vaca_con_cria,hembra,Limousin,02/03/2021,nacido,,[Sprint 3]
TS00539,,vaca_con_cria,hembra,Aberdeen Angus,,nacido,,[Sprint 3]
TS00540,,vaca_con_cria,hembra,,29/08/2020,nacido,,[Sprint 3]
,368,vaca_con_cria,hembra,,26/07/2017,nacido,,[Sprint 3]
TS00541,,vaca_con_cria,hembra,Limousin,,nacido,,[Sprint 3]
TS00542,369,vaca_con_cria,hembra,Brangus,14/07/2019,nacido,,[Sprint 3]
,370,vaca_con_cria,hembra,,14/11/2022,nacido,,[Sprint 3]
TS00543,,vaca_con_cria,hembra,Hereford,,nacido,,[Sprint 3]
TS00544,,vaca_con_cria,hembra,Brahman,30/11/2017,nacido,,[Sprint 3]
TS00545,371,vaca_con_cria,hembra,Nelore,,nacido,,[Sprint 3]
TS00546,,vaca_con_cria,hembra,Shorthorn,,nacido,,[Sprint 3]
TS00547,,vaca_con_cria,hembra,Brangus,12/11/2023,nacido,,[Sprint 3]
TS00548,372,vaca_con_cria,hembra,Brahman,,nacido,,[Sprint 3]
TS00549,,vaca_con_cria,hembra,Nelore,,nacido,,[Sprint 3]
TS00550,373,vaca_con_cria,hembra,,01/12/2018,nacido,,[Sprint 3]
TS00551,374,vaca_con_cria,hembra,Hereford,06/07/2021,nacido,,[Sprint 3]
TS00552,375,vaca_con_cria,hembra,Brahman,04/04/2021,nacido,,[Sprint 3]
TS00553,376,vaca_con_cria,hembra,Aberdeen Angus,02/09/2017,nacido,,[Sprint 3]
TS00554,,vaca_con_cria,hembra,Brahman,06/01/2018,nacido,,[Sprint 3]
TS00555,377,vaca_con_cria,hembra,,13/05/2018,nacido,,[Sprint 3]
TS00556,378,vaca_con_cria,hembra,Limousin,,nacido,,[Sprint 3]
TS00557,379,vaca_con_cria,hembra,Brahman,25/08/2017,nacido,,[Sprint 3]
,380,vaca_con_cria,hembra,Brangus,03/05/2021,nacido,,[Sprint 3]
,381,vaca_con_cria,hembra,Shorthorn,22/04/2019,nacido,,[Sprint 3]
TS00558,,vaca_con_cria,hembra,Shorthorn,,nacido,,[Sprint 3]
TS00559,,vaca_con_cria,hembra,Shorthorn,30/11/2020,nacido,,[Sprint 3]
TS00560,,vaca_con_cria,hembra,Nelore,,nacido,,[Sprint 3]
TS00561,382,vaca_con_cria,hembra,Aberdeen Angus,08/03/2023,nacido,,[Sprint 3]
TS00562,,vaca_con_cria,hembra,Brangus,,nacido,,[Sprint 3]
TS00563,,vaca_con_cria,hembra,Brahman,14/08/2020,nacido,,[Sprint 3]
TS00564,,vaca_con_cria,hembra,Hereford,,nacido,,[Sprint 3]
TS00565,383,vaca_con_cria,hembra,Limousin,14/03/2017,nacido,,[Sprint 3]
TS00566,,vaca_con_cria,hembra,Limousin,07/03/2021,nacido,,[Sprint 3]
TS00567,384,vaca_con_cria,hembra,Brahman,07/06/2023,nacido,,[Sprint 3]
TS00568,385,vaca_con_cria,hembra,Brahman,20/10/2018,nacido,,[Sprint 3]
TS00569,386,vaca_con_cria,hembra,Aberdeen Angus,23/10/2023,nacido,,[Sprint 3]
TS00570,387,vaca_con_cria,hembra,Nelore,,nacido,,[Sprint 3]
TS00571,388,vaca_con_cria,hembra,Hereford,10/08/2021,nacido,,[Sprint 3]
TS00572,,vaca_con_cria,hembra,Aberdeen Angus,,nacido,,[Sprint 3]
TS00573,389,vaca_con_cria,hembra,Brangus,02/02/2022,nacido,,[Sprint 3]
TS00574,,vaca_con_cria,hembra,Brahman,,nacido,,[Sprint 3]
TS00575,,vaca_con_cria,hembra,Aberdeen Angus,,nacido,,[Sprint 3]
,390,vaca_con_cria,hembra,Shorthorn,,nacido,,[Sprint 3]
TS00576,391,vaca_con_cria,hembra,Aberdeen Angus,,nacido,,[Sprint 3]
TS00577,392,vaca_con_cria,hembra,Brahman,17/11/2022,nacido,,[Sprint 3]
TS00578,393,vaca_con_cria,hembra,Aberdeen Angus,16/12/2022,nacido,,[Sprint 3]
TS00579,394,vaca_con_cria,hembra,Nelore,29/08/2016,nacido,,[Sprint 3]
TS00580,395,vaca_con_cria,hembra,Brahman,,nacido,,[Sprint 3]
TS00581,,vaca_con_cria,hembra,Limousin,16/11/2023,nacido,,[Sprint 3]
TS00582,396,vaca_con_cria,hembra,Brangus,,nacido,,[Sprint 3]
TS00583,397,vaca_con_cria,hembra,Hereford,25/02/2022,nacido,,[Sprint 3]
TS00584,,vaca_con_cria,hembra,Limousin,,nacido,,[Sprint 3]
TS00585,398,vaca_con_cria,hembra,Brangus,03/01/2020,nacido,,[Sprint 3]
TS00586,399,vaca_con_cria,hembra,Shorthorn,17/10/2019,nacido,,[Sprint 3]
TS00587,400,vaca_con_cria,hembra,Nelore,20/01/2022,nacido,,[Sprint 3]
TS00588,401,vaca_con_cria,hembra,Brahman,,nacido,,[Sprint 3]
TS00589,402,vaca_con_cria,hembra,Hereford,28/05/2020,nacido,,[Sprint 3]
,403,vaca_con_cria,hembra,Aberdeen Angus,21/12/2019,nacido,,[Sprint 3]
TS00590,,vaca_con_cria,hembra,Brahman,12/03/2017,nacido,,[Sprint 3]
TS00591,404,vaca_con_cria,hembra,Limousin,,nacido,,[Sprint 3]
TS00592,405,vaca_con_cria,hembra,Aberdeen Angus,,nacido,,[Sprint 3]
TS00593,406,vaca_con_cria,hembra,Aberdeen Angus,11/12/2020,nacido,,[Sprint 3]
TS00594,407,vaca_con_cria,hembra,Nelore,27/12/2017,nacido,,[Sprint 3]
TS00595,,vaca_con_cria,hembra,Limousin,,nacido,,[Sprint 3]
TS00596,,vaca_con_cria,hembra,Nelore,28/07/2019,nacido,,[Sprint 3]
TS00597,408,vaca_con_cria,hembra,Aberdeen Angus,,nacido,,[Sprint 3]
TS00598,409,vaca_con_cria,hembra,Aberdeen Angus,30/01/2021,nacido,,[Sprint 3]
TS00599,,vaca_con_cria,hembra,,24/12/2019,nacido,,[Sprint 3]
TS00600,410,vaca_con_cria,hembra,Shorthorn,20/03/2024,nacido,,[Sprint 3]
TS00601,,vaca_con_cria,hembra,Brahman,13/03/2020,nacido,,[Sprint 3]
TS00602,411,vaca_con_cria,hembra,Hereford,13/04/2022,nacido,,[Sprint 3]
ER00013,,novillo,masculino,Hereford,01/01/2023,comprado,,
TS00603,412,vaca_con_cria,hembra,Hereford,,nacido,,[Sprint 3]
TS00604,,vaca_con_cria,hembra,Nelore,10/09/2022,nacido,,[Sprint 3]
TS00605,413,vaca_con_cria,hembra,Aberdeen Angus,,nacido,,[Sprint 3]
TS00606,,vaca_con_cria,hembra,Brahman,,nacido,,[Sprint 3]
TS00607,414,vaca_con_cria,hembra,Aberdeen Angus,02/10/2023,nacido,,[Sprint 3]
TS00608,415,vaca_con_cria,hembra,Hereford,,nacido,,[Sprint 3]
,,novillo,macho,Sin identificacion,01/01/2023,comprado,,
,416,vaca_con_cria,hembra,Aberdeen Angus,19/12/2017,nacido,,[Sprint 3]
TS00609,,vaca_con_cria,hembra,,31/12/2016,nacido,,[Sprint 3]
TS00610,,vaca_con_cria,hembra,,13/12/2020,nacido,,[Sprint 3]
TS00611,,vaca_con_cria,hembra,Brahman,06/12/2018,nacido,,[Sprint 3]
TS00612,417,vaca_con_cria,hembra,Nelore,30/05/2023,nacido,,[Sprint 3]
TS00613,418,vaca_con_cria,hembra,,,nacido,,[Sprint 3]
TS00614,419,vaca_con_cria,hembra,Nelore,04/10/2018,nacido,,[Sprint 3]
TS00615,,vaca_con_cria,hembra,Limousin,,nacido,,[Sprint 3]
,420,vaca_con_cria,hembra,Brangus,16/12/2021,nacido,,[Sprint 3]
,421,vaca_con_cria,hembra,Hereford,16/07/2018,nacido,,[Sprint 3]
TS00616,422,vaca_con_cria,hembra,Shorthorn,,nacido,,[Sprint 3]
TS00617,,vaca_con_cria,hembra,Nelore,27/01/2023,nacido,,[Sprint 3]
,423,vaca_con_cria,hembra,Hereford,06/07/2019,nacido,,[Sprint 3]
TS00618,,vaca_con_cria,hembra,Brangus,16/11/2020,nacido,,[Sprint 3]
TS00619,,vaca_con_cria,hembra,Brangus,05/03/2019,nacido,,[Sprint 3]
TS00620,,vaca_con_cria,hembra,Hereford,,nacido,,[Sprint 3]
TS00621,424,ternero,macho,Brahman,24/04/2026,nacido,,[Sprint 3]
TS00622,425,ternero,macho,Shorthorn,17/03/2026,nacido,,[Sprint 3]
TS00623,426,ternero,macho,Nelore,05/08/2025,nacido,,[Sprint 3]
TS00624,427,ternero,macho,Hereford,09/03/2026,nacido,,[Sprint 3]
TS00625,,ternero,macho,Brangus,12/09/2025,nacido,,[Sprint 3]
TS00626,,ternero,macho,Hereford,20/12/2025,nacido,,[Sprint 3]
TS00627,428,ternero,macho,Aberdeen Angus,18/09/2025,nacido,,[Sprint 3]
TS00628,,ternero,macho,Brangus,14/08/2025,nacido,,[Sprint 3]
TS00629,,ternero,macho,Aberdeen Angus,04/05/2026,nacido,,[Sprint 3]
TS00630,429,ternero,macho,Limousin,26/09/2025,nacido,,[Sprint 3]
TS00631,,ternero,macho,Brangus,05/06/2026,nacido,,[Sprint 3]
TS00632,,ternero,macho,Brangus,28/06/2026,nacido,,[Sprint 3]
TS00633,430,ternero,macho,Limousin,05/10/2025,nacido,,[Sprint 3]
TS00634,,ternero,macho,Brahman,11/09/2025,nacido,,[Sprint 3]
TS00635,,ternero,macho,Limousin,27/04/2026,nacido,,[Sprint 3]
TS00636,,ternero,macho,Hereford,24/04/2026,nacido,,[Sprint 3]
TS00637,431,ternero,macho,Nelore,17/05/2026,nacido,,[Sprint 3]
TS00638,432,ternero,macho,Brahman,19/03/2026,nacido,,[Sprint 3]
TS00639,433,ternero,macho,Brangus,01/01/2026,nacido,,[Sprint 3]
ER00017,,novillo,M,Hereford,01/01/2023,comprado,,
TS00640,,ternero,macho,Brangus,22/08/2025,nacido,,[Sprint 3]
TS00641,434,ternero,macho,Aberdeen Angus,12/11/2025,nacido,,[Sprint 3]
TS00642,,ternero,macho,Hereford,08/07/2025,nacido,,[Sprint 3]
TS00643,,ternero,macho,Limousin,01/10/2025,nacido,,[Sprint 3]
TS00644,435,ternero,macho,Limousin,13/04/2026,nacido,,[Sprint 3]
ER00044,,novillo,macho,Hereford,15-06-2023,comprado,,
TS00645,436,ternero,macho,Nelore,29/04/2026,nacido,,[Sprint 3]
TS00646,437,ternero,macho,Shorthorn,25/07/2025,nacido,,[Sprint 3]
TS00647,438,ternero,macho,Aberdeen Angus,30/08/2025,nacido,,[Sprint 3]
TS00648,,ternero,macho,Aberdeen Angus,28/09/2025,nacido,,[Sprint 3]
TS00649,,ternero,macho,Brangus,24/08/2025,nacido,,[Sprint 3]
TS00650,,ternero,macho,Hereford,12/03/2026,nacido,,[Sprint 3]
TS00651,,ternero,macho,Limousin,14/05/2026,nacido,,[Sprint 3]
TS00652,439,ternero,macho,Nelore,21/10/2025,nacido,,[Sprint 3]
TS00653,440,ternero,macho,Shorthorn,10/04/2026,nacido,,[Sprint 3]
TS00654,441,ternero,macho,Hereford,26/08/2025,nacido,,[Sprint 3]
TS00655,442,ternero,macho,Brahman,16/03/2026,nacido,,[Sprint 3]
TS00656,443,ternero,macho,Shorthorn,21/08/2025,nacido,,[Sprint 3]
TS00657,,ternero,macho,Nelore,10/03/2026,nacido,,[Sprint 3]
TS00658,444,ternero,macho,Shorthorn,30/05/2026,nacido,,[Sprint 3]
,445,ternero,macho,Shorthorn,05/09/2025,nacido,,[Sprint 3]
,446,ternero,macho,Shorthorn,11/06/2026,nacido,,[Sprint 3]
TS00659,447,ternero,macho,Brangus,10/10/2025,nacido,,[Sprint 3]
,448,ternero,macho,Hereford,21/02/2026,nacido,,[Sprint 3]
TS00660,449,ternero,macho,Shorthorn,31/10/2025,nacido,,[Sprint 3]
TS00661,450,ternero,macho,Aberdeen Angus,29/06/2026,nacido,,[Sprint 3]
TS00662,451,ternero,macho,Limousin,11/04/2026,nacido,,[Sprint 3]
,452,ternero,macho,Hereford,17/04/2026,nacido,,[Sprint 3]
TS00663,,ternero,macho,,07/02/2026,nacido,,[Sprint 3]
TS00664,453,ternero,macho,Aberdeen Angus,08/12/2025,nacido,,[Sprint 3]
TS00665,,ternero,macho,Brahman,25/07/2025,nacido,,[Sprint 3]
TS00666,,ternero,macho,Brahman,04/10/2025,nacido,,[Sprint 3]
TS00667,,ternero,macho,Hereford,10/09/2025,nacido,,[Sprint 3]
TS00668,,ternero,macho,Nelore,15/02/2026,nacido,,[Sprint 3]
TS00669,,ternero,macho,Shorthorn,08/05/2026,nacido,,[Sprint 3]
TS00670,,ternero,macho,Aberdeen Angus,11/08/2025,nacido,,[Sprint 3]
TS00671,454,ternero,macho,Shorthorn,21/12/2025,nacido,,[Sprint 3]
TS00672,,ternero,macho,Limousin,14/07/2025,nacido,,[Sprint 3]
TS00673,455,ternero,macho,Aberdeen Angus,24/04/2026,nacido,,[Sprint 3]
,456,ternero,macho,Shorthorn,28/08/2025,nacido,,[Sprint 3]
TS00674,,ternero,macho,Shorthorn,03/02/2026,nacido,,[Sprint 3]
TS00675,457,ternero,macho,,15/05/2026,nacido,,[Sprint 3]
TS00676,458,ternero,macho,Limousin,19/09/2025,nacido,,[Sprint 3]
TS00677,,ternero,macho,Nelore,24/12/2025,nacido,,[Sprint 3]
ER00019,,novillo,F,Hereford,01/01/2023,comprado,,
TS00678,459,ternero,macho,Brangus,22/11/2025,nacido,,[Sprint 3]
TS00679,,ternero,macho,Shorthorn,10/12/2025,nacido,,[Sprint 3]
TS00680,460,ternero,macho,Aberdeen Angus,29/06/2026,nacido,,[Sprint 3]
,461,ternero,macho,,08/12/2025,nacido,,[Sprint 3]
,462,ternero,macho,Aberdeen Angus,06/02/2026,nacido,,[Sprint 3]
TS00681,463,ternero,macho,,01/02/2026,nacido,,[Sprint 3]
TS00682,,ternero,macho,Brahman,05/08/2025,nacido,,[Sprint 3]
TS00683,,ternero,macho,Brahman,30/01/2026,nacido,,[Sprint 3]
,464,ternero,macho,Hereford,25/04/2026,nacido,,[Sprint 3]
TS00684,,ternero,macho,Hereford,18/10/2025,nacido,,[Sprint 3]
TS00685,465,ternero,macho,Nelore,08/01/2026,nacido,,[Sprint 3]
TS00686,,ternero,macho,Limousin,23/03/2026,nacido,,[Sprint 3]
TS00687,466,ternero,macho,Nelore,23/07/2025,nacido,,[Sprint 3]
,,novillo,macho,Sin identificacion,01/01/2023,comprado,,
TS00688,467,ternero,macho,,06/10/2025,nacido,,[Sprint 3]
TS00689,468,ternero,macho,Shorthorn,29/09/2025,nacido,,[Sprint 3]
TS00690,,ternero,macho,Hereford,30/11/2025,nacido,,[Sprint 3]
TS00691,469,ternero,macho,Nelore,26/04/2026,nacido,,[Sprint 3]
TS00692,,ternero,macho,Nelore,19/06/2026,nacido,,[Sprint 3]
TS00693,470,ternera,hembra,Hereford,18/07/2025,nacido,,[Sprint 3]
TS00694,471,ternera,hembra,Hereford,04/10/2025,nacido,,[Sprint 3]
TS00695,,ternera,hembra,Shorthorn,11/12/2025,nacido,,[Sprint 3]
TS00696,472,ternera,hembra,,02/01/2026,nacido,,[Sprint 3]
TS00697,473,ternera,hembra,Limousin,19/06/2026,nacido,,[Sprint 3]
TS00698,474,ternera,hembra,Brangus,12/06/2026,nacido,,[Sprint 3]
TS00699,475,ternera,hembra,Shorthorn,29/11/2025,nacido,,[Sprint 3]
TS00700,476,ternera,hembra,Shorthorn,27/12/2025,nacido,,[Sprint 3]
TS00701,,ternera,hembra,Shorthorn,18/11/2025,nacido,,[Sprint 3]
ER00046,,novillo,macho,Hereford,15-06-2023,comprado,,
TS00702,477,ternera,hembra,Hereford,08/11/2025,nacido,,[Sprint 3]
TS00703,,ternera,hembra,Limousin,11/05/2026,nacido,,[Sprint 3]
TS00704,,ternera,hembra,,21/07/2025,nacido,,[Sprint 3]
,478,ternera,hembra,Limousin,07/02/2026,nacido,,[Sprint 3]
TS00705,479,ternera,hembra,Nelore,05/07/2026,nacido,,[Sprint 3]
TS00706,,ternera,hembra,,24/06/2026,nacido,,[Sprint 3]
TS00707,,ternera,hembra,Shorthorn,24/03/2026,nacido,,[Sprint 3]
ER00042,,novillo,macho,Hereford,enero 2023,comprado,,
TS00708,,ternera,hembra,Brahman,19/04/2026,nacido,,[Sprint 3]
TS00709,480,ternera,hembra,Brahman,17/11/2025,nacido,,[Sprint 3]
TS00710,,ternera,hembra,Aberdeen Angus,08/06/2026,nacido,,[Sprint 3]
TS00711,481,ternera,hembra,Limousin,12/12/2025,nacido,,[Sprint 3]
,482,ternera,hembra,Shorthorn,18/11/2025,nacido,,[Sprint 3]
TS00712,483,ternera,hembra,Aberdeen Angus,04/08/2025,nacido,,[Sprint 3]
TS00713,484,ternera,hembra,Limousin,07/09/2025,nacido,,[Sprint 3]
TS00714,485,ternera,hembra,Brahman,23/09/2025,nacido,,[Sprint 3]
,486,ternera,hembra,,25/04/2026,nacido,,[Sprint 3]
ER00030,,reproductora,macho,Hereford,01/01/2023,comprado,,
TS00715,,ternera,hembra,Aberdeen Angus,08/10/2025,nacido,,[Sprint 3]
TS00716,,ternera,hembra,Brangus,06/10/2025,nacido,,[Sprint 3]
TS00717,487,ternera,hembra,Nelore,25/11/2025,nacido,,[Sprint 3]
,488,ternera,hembra,,27/09/2025,nacido,,[Sprint 3]
TS00718,,ternera,hembra,Limousin,12/09/2025,nacido,,[Sprint 3]
TS00719,489,ternera,hembra,Limousin,09/03/2026,nacido,,[Sprint 3]
TS00720,490,ternera,hembra,Hereford,15/01/2026,nacido,,[Sprint 3]
TS00721,,ternera,hembra,Nelore,05/04/2026,nacido,,[Sprint 3]
TS00722,491,ternera,hembra,Nelore,12/11/2025,nacido,,[Sprint 3]
TS00723,492,ternera,hembra,Aberdeen Angus,12/09/2025,nacido,,[Sprint 3]
TS00724,493,ternera,hembra,Aberdeen Angus,01/10/2025,nacido,,[Sprint 3]
,494,ternera,hembra,,03/12/2025,nacido,,[Sprint 3]
TS00725,495,ternera,hembra,Limousin,27/12/2025,nacido,,[Sprint 3]
TS00726,,ternera,hembra,,30/12/2025,nacido,,[Sprint 3]
TS00727,496,ternera,hembra,Hereford,30/01/2026,nacido,,[Sprint 3]
TS00728,,ternera,hembra,Nelore,13/09/2025,nacido,,[Sprint 3]
TS00729,497,ternera,hembra,Aberdeen Angus,02/10/2025,nacido,,[Sprint 3]
TS00730,,ternera,hembra,Limousin,27/07/2025,nacido,,[Sprint 3]
,498,ternera,hembra,Hereford,07/04/2026,nacido,,[Sprint 3]
TS00731,499,ternera,hembra,Hereford,01/09/2025,nacido,,[Sprint 3]
TS00732,500,ternera,hembra,Limousin,20/02/2026,nacido,,[Sprint 3]
TS00733,501,ternera,hembra,Brahman,02/07/2026,nacido,,[Sprint 3]
TS00734,,ternera,hembra,Shorthorn,12/07/2025,nacido,,[Sprint 3]
TS00735,502,ternera,hembra,Shorthorn,31/03/2026,nacido,,[Sprint 3]
TS00736,,ternera,hembra,Aberdeen Angus,07/02/2026,nacido,,[Sprint 3]
TS00737,,ternera,hembra,Aberdeen Angus,29/11/2025,nacido,,[Sprint 3]
,503,ternera,hembra,Nelore,15/05/2026,nacido,,[Sprint 3]
ER00036,,novillo,macho,Hereford,01/01/2023,importado,,
TS00738,,ternera,hembra,Brangus,19/10/2025,nacido,,[Sprint 3]
TS00739,504,ternera,hembra,,28/07/2025,nacido,,[Sprint 3]
TS00740,,ternera,hembra,Brangus,11/03/2026,nacido,,[Sprint 3]
TS00741,505,ternera,hembra,Aberdeen Angus,22/08/2025,nacido,,[Sprint 3]
,,novillo,macho,Sin identificacion,01/01/2023,comprado,,
ER00037,,novillo,macho,Hereford,01/01/2023,propio,,
TS00742,,ternera,hembra,Aberdeen Angus,22/09/2025,nacido,,[Sprint 3]
ER00043,,novillo,macho,Hereford,15-06-2023,comprado,,
,506,ternera,hembra,Shorthorn,28/08/2025,nacido,,[Sprint 3]
TS00743,507,ternera,hembra,Shorthorn,06/12/2025,nacido,,[Sprint 3]
TS00744,508,ternera,hembra,Hereford,05/10/2025,nacido,,[Sprint 3]
,509,ternera,hembra,Brangus,19/06/2026,nacido,,[Sprint 3]
TS00745,510,ternera,hembra,Hereford,31/07/2025,nacido,,[Sprint 3]
TS00746,,ternera,hembra,Brangus,03/10/2025,nacido,,[Sprint 3]
TS00747,511,ternera,hembra,Shorthorn,22/05/2026,nacido,,[Sprint 3]
,512,ternera,hembra,Brahman,30/12/2025,nacido,,[Sprint 3]
TS00748,513,ternera,hembra,Shorthorn,26/02/2026,nacido,,[Sprint 3]
TS00749,,ternera,hembra,Limousin,09/03/2026,nacido,,[Sprint 3]
TS00750,,ternera,hembra,Brahman,03/09/2025,nacido,,[Sprint 3]
TS00751,514,ternera,hembra,Aberdeen Angus,27/09/2025,nacido,,[Sprint 3]
ER00012,,novillo,M,Hereford,01/01/2023,comprado,,
TS00752,515,ternera,hembra,,25/04/2026,nacido,,[Sprint 3]
TS00753,516,ternera,hembra,Hereford,07/01/2026,nacido,,[Sprint 3]
TS00754,,ternera,hembra,,12/09/2025,nacido,,[Sprint 3]
,517,ternera,hembra,,03/02/2026,nacido,,[Sprint 3]
TS00755,518,ternera,hembra,Hereford,15/12/2025,nacido,,[Sprint 3]
TS00756,,ternera,hembra,Nelore,29/04/2026,nacido,,[Sprint 3]
TS00757,,ternera,hembra,Aberdeen Angus,28/12/2025,nacido,,[Sprint 3]
TS00758,,ternera,hembra,Brangus,11/03/2026,nacido,,[Sprint 3]
TS00759,,ternera,hembra,Hereford,22/09/2025,nacido,,[Sprint 3]
TS00760,,ternera,hembra,,23/03/2026,nacido,,[Sprint 3]
TS00761,,ternera,hembra,,15/08/2025,nacido,,[Sprint 3]
TS00762,519,toro,macho,Nelore,17/03/2022,comprado,,[Sprint 3]
TS00763,520,toro,macho,Aberdeen Angus,,comprado,,[Sprint 3]
TS00764,,toro,macho,,10/02/2022,comprado,,[Sprint 3]
TS00765,,toro,macho,Hereford,,comprado,,[Sprint 3]
TS00766,521,toro,macho,Aberdeen Angus,10/07/2016,comprado,,[Sprint 3]
TS00767,,toro,macho,Nelore,23/03/2022,comprado,,[Sprint 3]
TS00768,522,toro,macho,Nelore,17/02/2017,comprado,,[Sprint 3]
,523,toro,macho,,,comprado,,[Sprint 3]
TS00769,524,toro,macho,Nelore,13/08/2017,comprado,,[Sprint 3]
TS00770,525,toro,macho,Brangus,18/10/2019,comprado,,[Sprint 3]
TS00771,526,toro,macho,Limousin,05/02/2018,comprado,,[Sprint 3]
TS00772,,toro,macho,Nelore,05/12/2020,comprado,,[Sprint 3]
TS00773,,toro,macho,Aberdeen Angus,,comprado,,[Sprint 3]
,527,toro,macho,Aberdeen Angus,23/01/2024,comprado,,[Sprint 3]
,528,toro,macho,Brahman,06/03/2022,comprado,,[Sprint 3]
,529,toro,macho,Limousin,,comprado,,[Sprint 3]
,530,toro,macho,Brahman,05/07/2018,comprado,,[Sprint 3]
TS00774,531,toro,macho,Brangus,04/04/2023,comprado,,[Sprint 3]
TS00775,532,toro,macho,Nelore,,comprado,,[Sprint 3]
TS00776,,toro,macho,,,comprado,,[Sprint 3]
,533,toro,macho,Shorthorn,08/04/2022,comprado,,[Sprint 3]
,534,toro,macho,Nelore,24/09/2022,comprado,,[Sprint 3]
TS00777,,toro,macho,Brahman,24/05/2020,comprado,,[Sprint 3]
TS00778,,toro,macho,Brangus,,comprado,,[Sprint 3]
TS00779,,toro,macho,Limousin,22/01/2023,comprado,,[Sprint 3]
TS00780,,toro,macho,Hereford,05/04/2021,comprado,,[Sprint 3]
TS00781,535,toro,macho,Hereford,15/01/2024,comprado,,[Sprint 3]
TS00782,,toro,macho,Shorthorn,26/09/2019,comprado,,[Sprint 3]
TS00783,536,toro,macho,Nelore,,comprado,,[Sprint 3]
,537,toro,macho,Aberdeen Angus,,comprado,,[Sprint 3]
TS00784,,toro,macho,Limousin,14/01/2019,comprado,,[Sprint 3]
TS00785,,toro,macho,Shorthorn,,comprado,,[Sprint 3]
TS00786,538,toro,macho,Brangus,12/03/2021,comprado,,[Sprint 3]
,539,toro,macho,Nelore,,comprado,,[Sprint 3]
TS00787,,toro,macho,Nelore,,comprado,,[Sprint 3]
TS00788,,toro,macho,Nelore,14/02/2023,comprado,,[Sprint 3]
TS00789,,toro,macho,Aberdeen Angus,06/07/2018,comprado,,[Sprint 3]
TS00790,540,toro,macho,Hereford,02/10/2020,comprado,,[Sprint 3]
TS00791,541,toro,macho,Shorthorn,27/01/2023,comprado,,[Sprint 3]
TS00792,542,toro,macho,Hereford,,comprado,,[Sprint 3]
TS00793,543,buey,macho,Shorthorn,15/07/2023,comprado,,[Sprint 3]
TS00794,544,buey,macho,Brangus,16/06/2024,comprado,,[Sprint 3]
TS00795,,buey,macho,Brahman,10/03/2022,comprado,,[Sprint 3]
TS00796,545,buey,macho,Nelore,02/01/2019,comprado,,[Sprint 3]
TS00797,546,buey,macho,,16/06/2023,comprado,,[Sprint 3]
TS00798,,buey,macho,Hereford,,comprado,,[Sprint 3]
TS00799,547,buey,macho,Nelore,22/09/2023,comprado,,[Sprint 3]
TS00800,,buey,macho,Limousin,17/10/2017,comprado,,[Sprint 3]
TS00801,,buey,macho,Brangus,27/04/2022,comprado,,[Sprint 3]
TS00802,548,buey,macho,Nelore,06/11/2019,comprado,,[Sprint 3]
TS00803,549,buey,macho,Hereford,22/07/2022,comprado,,[Sprint 3]
TS00804,550,buey,macho,Limousin,30/11/2018,comprado,,[Sprint 3]
,551,buey,macho,Limousin,,comprado,,[Sprint 3]
TS00805,,buey,macho,Brahman,,comprado,,[Sprint 3]
TS00806,,buey,macho,Hereford,06/05/2017,comprado,,[Sprint 3]
TS00807,552,buey,macho,Shorthorn,28/01/2019,comprado,,[Sprint 3]
TS00808,553,buey,macho,Hereford,26/01/2020,comprado,,[Sprint 3]
TS00809,554,buey,macho,Aberdeen Angus,16/06/2023,comprado,,[Sprint 3]
,555,buey,macho,Aberdeen Angus,,comprado,,[Sprint 3]
TS00810,556,buey,macho,Shorthorn,19/03/2024,comprado,,[Sprint 3]
